{
    "CH0 HG_baseline": {
        "min": -641.554667825,
        "max": -548.9091956749986
    },
    "CH0 HG_noise_rms_mv": {
        "min": 0.36432749999999997,
        "max": 0.9964424999999993
    },
    "CH0 HG_gain": {
        "min": 360.31759375000024,
        "max": 3229.443331249995
    },
    "CH0 HG_eni": {
        "min": 131.39889135000004,
        "max": 835.8179616499989
    },
    "CH0 HG_peaking_time": {
        "min": 39.898662574999996,
        "max": 67.45778592500005
    },
    "CH0 HG_max_non_linearity": {
        "min": 0.043986999999999984,
        "max": 0.5597330000000001
    },
    "CH0 HG_fit_gain": {
        "min": 368.53671674999964,
        "max": 3234.6351882500085
    },
    "CH1 HG_baseline": {
        "min": -638.0401573,
        "max": -544.2905166999989
    },
    "CH1 HG_noise_rms_mv": {
        "min": 0.2522242500000007,
        "max": 5.124690749999985
    },
    "CH1 HG_gain": {
        "min": 2634.5349082499993,
        "max": 3120.5292467500058
    },
    "CH1 HG_eni": {
        "min": 81.4364935999993,
        "max": 1728.5720144000145
    },
    "CH1 HG_peaking_time": {
        "min": 40.717983400000016,
        "max": 73.84550859999958
    },
    "CH1 HG_max_non_linearity": {
        "min": 0.016939924999999967,
        "max": 1.0221215750000003
    },
    "CH1 HG_fit_gain": {
        "min": 2647.7706986500007,
        "max": 3119.6205683499875
    },
    "CH2 HG_baseline": {
        "min": -646.045985,
        "max": -545.3844350000006
    },
    "CH2 HG_noise_rms_mv": {
        "min": 0.4780625,
        "max": 0.5917474999999999
    },
    "CH2 HG_gain": {
        "min": 2709.1031143499995,
        "max": 3103.511758650011
    },
    "CH2 HG_eni": {
        "min": 158.288739775,
        "max": 205.3909647250003
    },
    "CH2 HG_peaking_time": {
        "min": 41.05276185,
        "max": 47.39840114999992
    },
    "CH2 HG_max_non_linearity": {
        "min": 0.060211500000000015,
        "max": 0.3428785
    },
    "CH2 HG_fit_gain": {
        "min": 2716.115456100001,
        "max": 3113.2507418999935
    },
    "CH3 HG_baseline": {
        "min": -649.749649725,
        "max": -540.2393757750002
    },
    "CH3 HG_noise_rms_mv": {
        "min": 0.48810960000000014,
        "max": 0.9716784000000009
    },
    "CH3 HG_gain": {
        "min": 2705.8080535,
        "max": 3114.747056500005
    },
    "CH3 HG_eni": {
        "min": 161.061990875,
        "max": 323.8401916250002
    },
    "CH3 HG_peaking_time": {
        "min": 40.864579875,
        "max": 48.51288262500008
    },
    "CH3 HG_max_non_linearity": {
        "min": 0.05630299999999999,
        "max": 0.3347570000000001
    },
    "CH3 HG_fit_gain": {
        "min": 2719.109865799999,
        "max": 3116.266278200003
    },
    "CH0 LG_baseline": {
        "min": -645.7690457499999,
        "max": -508.76721925000174
    },
    "CH0 LG_noise_rms_mv": {
        "min": 0.1222135,
        "max": 0.15645650000000008
    },
    "CH0 LG_gain": {
        "min": 15.846358025000004,
        "max": 137.5757014749999
    },
    "CH0 LG_eni": {
        "min": 699.4318970000007,
        "max": 6222.441322999986
    },
    "CH0 LG_peaking_time": {
        "min": 39.93388309999998,
        "max": 63.246114900000194
    },
    "CH0 LG_max_non_linearity": {
        "min": -1.3988052499999997,
        "max": 31.174290249999995
    },
    "CH0 LG_fit_gain": {
        "min": 46.63583340000001,
        "max": 136.03803859999985
    },
    "CH1 LG_baseline": {
        "min": -647.4135267,
        "max": -546.0620192999995
    },
    "CH1 LG_noise_rms_mv": {
        "min": 0.11634370000000002,
        "max": 0.2660822999999993
    },
    "CH1 LG_gain": {
        "min": 109.18338487500007,
        "max": 216.55603762499874
    },
    "CH1 LG_eni": {
        "min": 927.363444075,
        "max": 1269.588754425001
    },
    "CH1 LG_peaking_time": {
        "min": 41.444870749999986,
        "max": 57.94243425000039
    },
    "CH1 LG_max_non_linearity": {
        "min": -0.7213277250000001,
        "max": 16.904142225
    },
    "CH1 LG_fit_gain": {
        "min": 112.249711625,
        "max": 165.8949158750001
    },
    "CH2 LG_baseline": {
        "min": -648.1105454000001,
        "max": -550.0502666
    },
    "CH2 LG_noise_rms_mv": {
        "min": 0.10739230000000001,
        "max": 0.1506817
    },
    "CH2 LG_gain": {
        "min": 115.23411960000001,
        "max": 132.75360839999973
    },
    "CH2 LG_eni": {
        "min": 813.5352809999999,
        "max": 1272.9212189999996
    },
    "CH2 LG_peaking_time": {
        "min": 40.864031000000004,
        "max": 47.52428899999991
    },
    "CH2 LG_max_non_linearity": {
        "min": 0.06421919999999999,
        "max": 0.4914768
    },
    "CH2 LG_fit_gain": {
        "min": 115.31023375000001,
        "max": 132.9735112500001
    },
    "CH3 LG_baseline": {
        "min": -648.359003875,
        "max": -553.2302586249996
    },
    "CH3 LG_noise_rms_mv": {
        "min": 0.11085450000000001,
        "max": 0.15563549999999984
    },
    "CH3 LG_gain": {
        "min": 115.75790084999998,
        "max": 133.6784221500003
    },
    "CH3 LG_eni": {
        "min": 848.2342844000001,
        "max": 1325.0184076
    },
    "CH3 LG_peaking_time": {
        "min": 40.62618820000001,
        "max": 48.20544779999984
    },
    "CH3 LG_max_non_linearity": {
        "min": 0.05926850000000002,
        "max": 0.46652149999999987
    },
    "CH3 LG_fit_gain": {
        "min": 115.933469125,
        "max": 133.54316837499982
    },
    "SUM x3_baseline": {
        "min": -726.5294309999999,
        "max": -571.6188290000005
    },
    "SUM x3_noise_rms_mv": {
        "min": 0.5042696000000001,
        "max": 1.2406184000000007
    },
    "SUM x3_gain": {
        "min": 1110.5871632499998,
        "max": 1455.1845317500076
    },
    "SUM x3_eni": {
        "min": 358.6756564,
        "max": 884.5991556000006
    },
    "SUM x3_peaking_time": {
        "min": 42.48363549999999,
        "max": 46.31899449999997
    },
    "SUM x3_max_non_linearity": {
        "min": 0.1708325,
        "max": 0.7590574999999998
    },
    "SUM x3_fit_gain": {
        "min": 1116.0124480249997,
        "max": 1443.4299114750088
    },
    "SUM x1_baseline": {
        "min": -648.1230164999998,
        "max": -565.481413500001
    },
    "SUM x1_noise_rms_mv": {
        "min": 0.22432680000000005,
        "max": 0.39885719999999925
    },
    "SUM x1_gain": {
        "min": 390.29242905000007,
        "max": 504.7525099499988
    },
    "SUM x1_eni": {
        "min": 459.00836665,
        "max": 837.9113603499987
    },
    "SUM x1_peaking_time": {
        "min": 38.86882279999999,
        "max": 58.71672120000028
    },
    "SUM x1_max_non_linearity": {
        "min": -0.3231375999999999,
        "max": 8.745209599999999
    },
    "SUM x1_fit_gain": {
        "min": 388.519896875,
        "max": 503.5713856250003
    },
    "SUM x1_gain_crude": {
        "min": 330.736642575,
        "max": 504.0495059250002
    },
    "LG0_gain_crude": {
        "min": 5.715352800000012,
        "max": 135.46029119999972
    },
    "LG1_gain_crude": {
        "min": 106.75981039999992,
        "max": 240.57700160000155
    },
    "LG2_gain_crude": {
        "min": 117.6158011,
        "max": 130.10715689999998
    },
    "LG3_gain_crude": {
        "min": -3.071481000000001,
        "max": 136.352881
    },
    "HG0_gain_crude": {
        "min": 106.3522693749999,
        "max": 3209.386723125002
    },
    "HG1_gain_crude": {
        "min": 2566.2078839999995,
        "max": 3616.3909960000096
    },
    "HG2_gain_crude": {
        "min": 2742.080571875,
        "max": 3087.498130625003
    },
    "HG3_gain_crude": {
        "min": -150.29453590000006,
        "max": 3230.037713900001
    },
    "400_kHz_i2c_margin_list": {
        "min": 287.625,
        "max": 361.875
    },
    "1_MHz_i2c_margin_list": {
        "min": 287.625,