{
    "channel_histograms": {
        "CH0 HG_baseline": 4.010626500000001,
        "CH0 HG_noise_rms_mv": 0.019155000000000002,
        "CH0 HG_gain": 10.433184499999992,
        "CH0 HG_eni": 6.217291,
        "CH0 HG_peaking_time": 0.13841849999999986,
        "CH0 HG_max_non_linearity": 0.013396,
        "CH0 HG_fit_gain": 10.258047500000021,
        "CH1 HG_baseline": 4.0584260000000025,
        "CH1 HG_noise_rms_mv": 0.004841000000000001,
        "CH1 HG_gain": 8.336095,
        "CH1 HG_eni": 1.5862245000000001,
        "CH1 HG_peaking_time": 0.11407549999999986,
        "CH1 HG_max_non_linearity": 0.0132435,
        "CH1 HG_fit_gain": 7.943600500000002,
        "CH2 HG_baseline": 4.575524999999999,
        "CH2 HG_noise_rms_mv": 0.0051675,
        "CH2 HG_gain": 6.2904089999999995,
        "CH2 HG_eni": 1.5859334999999988,
        "CH2 HG_peaking_time": 0.11311299999999988,
        "CH2 HG_max_non_linearity": 0.012848499999999999,
        "CH2 HG_fit_gain": 6.224690999999984,
        "CH3 HG_baseline": 4.740704499999998,
        "CH3 HG_noise_rms_mv": 0.016907999999999996,
        "CH3 HG_gain": 8.261393999999996,
        "CH3 HG_eni": 5.480747499999998,
        "CH3 HG_peaking_time": 0.12198250000000002,
        "CH3 HG_max_non_linearity": 0.012657000000000002,
        "CH3 HG_fit_gain": 8.205710999999997,
        "CH0 LG_baseline": 3.7741550000000017,
        "CH0 LG_noise_rms_mv": 0.0015565000000000002,
        "CH0 LG_gain": 0.44802850000000094,
        "CH0 LG_eni": 13.946993500000001,
        "CH0 LG_peaking_time": 0.12540200000000007,
        "CH0 LG_max_non_linearity": 0.0168825,
        "CH0 LG_fit_gain": 0.44171049999999995,
        "CH1 LG_baseline": 3.543759,
        "CH1 LG_noise_rms_mv": 0.0011735000000000003,
        "CH1 LG_gain": 0.34249650000000004,
        "CH1 LG_eni": 9.427694500000007,
        "CH1 LG_peaking_time": 0.10343300000000007,
        "CH1 LG_max_non_linearity": 0.0219195,
        "CH1 LG_fit_gain": 0.3187474999999999,
        "CH2 LG_baseline": 3.7144045000000006,
        "CH2 LG_noise_rms_mv": 0.001874,
        "CH2 LG_gain": 0.3318084999999996,
        "CH2 LG_eni": 15.467540000000003,
        "CH2 LG_peaking_time": 0.10091299999999989,
        "CH2 LG_max_non_linearity": 0.018496,
        "CH2 LG_fit_gain": 0.32115049999999956,
        "CH3 LG_baseline": 4.118127500000003,
        "CH3 LG_noise_rms_mv": 0.00177,
        "CH3 LG_gain": 0.35416050000000043,
        "CH3 LG_eni": 13.545003500000002,
        "CH3 LG_peaking_time": 0.10132699999999986,
        "CH3 LG_max_non_linearity": 0.01763,
        "CH3 LG_fit_gain": 0.3557515000000002,
        "SUM x3_baseline": 7.041390999999999,
        "SUM x3_noise_rms_mv": 0.006973000000000002,
        "SUM x3_gain": 3.8675350000000095,
        "SUM x3_eni": 5.372047999999998,
        "SUM x3_peaking_time": 0.09175500000000021,
        "SUM x3_max_non_linearity": 0.023250000000000003,
        "SUM x3_fit_gain": 3.8656135000000065,
        "SUM x1_baseline": 3.756436500000001,
        "SUM x1_noise_rms_mv": 0.002403999999999999,
        "SUM x1_gain": 1.4061435000000018,
        "SUM x1_eni": 5.2190495,
        "SUM x1_peaking_time": 0.0754959999999997,
        "SUM x1_max_non_linearity": 0.0072569999999999996,
        "SUM x1_fit_gain": 1.394563499999998,
        "SUM x1_gain_crude": 2.7641605,
        "LG0_gain_crude": 0.5781859999999994,
        "LG1_gain_crude": 0.3949739999999998,
        "LG2_gain_crude": 0.4055634999999995,
        "LG3_gain_crude": 0.4282074999999999,
        "HG0_gain_crude": 16.11965950000001,
        "HG1_gain_crude": 11.933898999999997,
        "HG2_gain_crude": 12.560638500000005,
        "HG3_gain_crude": 13.419342000000006,
        "400_kHz_i2c_margin_list": 3.375,
        "1_MHz_i2c_margin_list": 3.375
    },
    "power_ldo_histograms": {
        "1V2_current": 1.9400000000000006,
        "1V2_voltage": 0.08999999999999772,
        "2V5_current": 0.5799999999999997,
        "2V5_voltage": 0.0849999999999909,
        "pwr_total_mw_power": 3.5900000000000034
    },
    "uniformity_histograms": {
        "hg_gain_uniformity": 0.2584535,
        "hg_peaking_time_uniformity": 0.11423900000000001,
        "lg_gain_uniformity": 0.2690295,
        "lg_peaking_time_uniformity": 0.1043685
    },
    "gain_ratio_histograms": {
        "gain_ratio_0": 0.03260000000000005,
        "gain_ratio_1": 0.022743000000000003,
        "gain_ratio_2": 0.02844200000000008,
        "gain_ratio_3": 0.019342999999999933
    }
}