{
    "CH0 HG_baseline": {
        "min": -641.9357365,
        "max": -555.2098335000009
    },
    "CH0 HG_noise_rms_mv": {
        "min": 0.7666274999999999,
        "max": 1.5237025000000015
    },
    "CH0 HG_gain": {
        "min": 11676.180392299999,
        "max": 16537.195621700044
    },
    "CH0 HG_eni": {
        "min": 48.0660663,
        "max": 97.5005877
    },
    "CH0 HG_peaking_time": {
        "min": 35.63963422500001,
        "max": 41.93682127499994
    },
    "CH0 HG_max_non_linearity": {
        "min": 0.01920699999999996,
        "max": 1.3405930000000006
    },
    "CH0 HG_fit_gain": {
        "min": 11878.628402850003,
        "max": 16585.024320149932
    },
    "CH1 HG_baseline": {
        "min": -638.370044675,
        "max": -545.3550418249995
    },
    "CH1 HG_noise_rms_mv": {
        "min": 0.545729949999998,
        "max": 5.709131050000041
    },
    "CH1 HG_gain": {
        "min": 12135.459819925005,
        "max": 16517.56348157493
    },
    "CH1 HG_eni": {
        "min": 29.267131800000104,
        "max": 463.61243219999767
    },
    "CH1 HG_peaking_time": {
        "min": 34.59767899999996,
        "max": 75.0818810000007
    },
    "CH1 HG_max_non_linearity": {
        "min": 0.049744999999999984,
        "max": 0.6944549999999998
    },
    "CH1 HG_fit_gain": {
        "min": 12366.963128000003,
        "max": 16566.96139199992
    },
    "CH2 HG_baseline": {
        "min": -645.8286455,
        "max": -552.6033045000006
    },
    "CH2 HG_noise_rms_mv": {
        "min": 0.7921735000000002,
        "max": 0.9632564999999993
    },
    "CH2 HG_gain": {
        "min": 15137.173699250003,
        "max": 16397.13659574999
    },
    "CH2 HG_eni": {
        "min": 49.73852675,
        "max": 60.68315825000004
    },
    "CH2 HG_peaking_time": {
        "min": 35.917278875,
        "max": 39.561823625000116
    },
    "CH2 HG_max_non_linearity": {
        "min": 0.070142,
        "max": 0.335418
    },
    "CH2 HG_fit_gain": {
        "min": 15189.485742375,
        "max": 16460.682650124993
    },
    "CH3 HG_baseline": {
        "min": -649.9630073,
        "max": -541.7758666999988
    },
    "CH3 HG_noise_rms_mv": {
        "min": 0.8198993750000002,
        "max": 1.6143331249999997
    },
    "CH3 HG_gain": {
        "min": 15007.469498375,
        "max": 16279.656934125014
    },
    "CH3 HG_eni": {
        "min": 51.770158,
        "max": 101.95572199999995
    },
    "CH3 HG_peaking_time": {
        "min": 35.983569249999995,
        "max": 39.579485750000025
    },
    "CH3 HG_max_non_linearity": {
        "min": 0.07270299999999999,
        "max": 0.3218970000000001
    },
    "CH3 HG_fit_gain": {
        "min": 15057.261117125001,
        "max": 16337.259240374977
    },
    "CH0 LG_baseline": {
        "min": -643.7256490000001,
        "max": -560.8470510000004
    },
    "CH0 LG_noise_rms_mv": {
        "min": 0.1261015,
        "max": 0.16346849999999982
    },
    "CH0 LG_gain": {
        "min": 501.6166095000001,
        "max": 704.9899004999991
    },
    "CH0 LG_eni": {
        "min": 182.69784999999996,
        "max": 311.65833000000066
    },
    "CH0 LG_peaking_time": {
        "min": 34.984582399999994,
        "max": 41.38520960000014
    },
    "CH0 LG_max_non_linearity": {
        "min": -0.0196836000000003,
        "max": 3.330995600000005
    },
    "CH0 LG_fit_gain": {
        "min": 501.50927264999984,
        "max": 707.8973743500036
    },
    "CH1 LG_baseline": {
        "min": -648.1592537500002,
        "max": -546.6667912499993
    },
    "CH1 LG_noise_rms_mv": {
        "min": 0.12308854999999992,
        "max": 0.27602045000000136
    },
    "CH1 LG_gain": {
        "min": 626.6595365000001,
        "max": 771.2770534999993
    },
    "CH1 LG_eni": {
        "min": 181.64172779999998,
        "max": 359.3683362000007
    },
    "CH1 LG_peaking_time": {
        "min": 34.37555789999999,
        "max": 62.59918410000029
    },
    "CH1 LG_max_non_linearity": {
        "min": -0.29806815000000053,
        "max": 9.529511150000012
    },
    "CH1 LG_fit_gain": {
        "min": 627.8490921250001,
        "max": 788.4750053749956
    },
    "CH2 LG_baseline": {
        "min": -648.5745128500001,
        "max": -562.242490150001
    },
    "CH2 LG_noise_rms_mv": {
        "min": 0.114025525,
        "max": 0.15790397499999997
    },
    "CH2 LG_gain": {
        "min": 628.036489025,
        "max": 698.8300904749992
    },
    "CH2 LG_eni": {
        "min": 165.5281688,
        "max": 243.38971519999978
    },
    "CH2 LG_peaking_time": {
        "min": 35.291712100000005,
        "max": 38.94674589999993
    },
    "CH2 LG_max_non_linearity": {
        "min": 0.1648523,
        "max": 0.24070170000000002
    },
    "CH2 LG_fit_gain": {
        "min": 630.7811506499999,
        "max": 702.6700963500015
    },
    "CH3 LG_baseline": {
        "min": -649.273955,
        "max": -558.2803049999998
    },
    "CH3 LG_noise_rms_mv": {
        "min": 0.1183707,
        "max": 0.16147530000000015
    },
    "CH3 LG_gain": {
        "min": 638.7672516,
        "max": 695.6477763999983
    },
    "CH3 LG_eni": {
        "min": 175.31016365000002,
        "max": 238.91450334999985
    },
    "CH3 LG_peaking_time": {
        "min": 35.316369400000006,
        "max": 38.90282260000001
    },
    "CH3 LG_max_non_linearity": {
        "min": 0.13035444999999998,
        "max": 0.22595654999999992
    },
    "CH3 LG_fit_gain": {
        "min": 641.0425733,
        "max": 700.0009606999993
    },
    "SUM x3_baseline": {
        "min": -726.8350553500001,
        "max": -566.628077649999
    },
    "SUM x3_noise_rms_mv": {
        "min": 0.5584157999999998,
        "max": 0.8797082000000007
    },
    "SUM x3_gain": {
        "min": 5690.419830400001,
        "max": 7613.4957015999735
    },
    "SUM x3_eni": {
        "min": 72.814877075,
        "max": 153.72632142500018
    },
    "SUM x3_peaking_time": {
        "min": 35.69113755000001,
        "max": 37.84323144999997
    },
    "SUM x3_max_non_linearity": {
        "min": 0.28322335,
        "max": 0.7238096500000002
    },
    "SUM x3_fit_gain": {
        "min": 5655.337117500002,
        "max": 7527.091672499979
    },
    "SUM x1_baseline": {
        "min": -649.964747,
        "max": -566.4451130000007
    },
    "SUM x1_noise_rms_mv": {
        "min": 0.23479150000000004,
        "max": 0.4070184999999992
    },
    "SUM x1_gain": {
        "min": 1999.8330646999993,
        "max": 2660.6493813000066
    },
    "SUM x1_eni": {
        "min": 89.165836225,
        "max": 166.32497927499963
    },
    "SUM x1_peaking_time": {
        "min": 33.064828000000006,
        "max": 47.84777199999974
    },
    "SUM x1_max_non_linearity": {
        "min": -0.22494489999999995,
        "max": 6.9979828999999985
    },
    "SUM x1_fit_gain": {
        "min": 2028.13028885,
        "max": 2649.333534149998
    },
    "400_kHz_i2c_margin_list": {
        "min": 287.625,
        "max": 361.875
    },
    "1_MHz_i2c_margin_list": {
        "min": 287.625,
        "max": 361.875
    },
    "1V2_current": {
        "min": 269.58399999999995,
        "max": 329.33599999999996
    },
    "1V2_voltage": {
        "min": 1199.7099999999998,
        "max": 1201.6899999999982
    },
    "2V5_current": {
        "min": 94.969,
        "max": 119.85099999999993
    },
    "2V5_voltage": {
        "min": 2496.41075,
        "max": 2498.3742500000008
    },
    "pwr_total_mw_power": {
        "min": 564.4535,
        "max": 671.0765000000008
    },
    "hg_gain_uniformity": {
        "min": -0.9077577499999998,
        "max": 26.022172749999992
    },
    "hg_peaking_time_uniformity": {
        "min": -4.040878375,
        "max": 86.423745875
    },
    "lg_gain_uniformity": {
        "min": -1.0862429999999998,
        "max": 25.197443
    },
    "lg_peaking_time_uniformity": {
        "min": -2.9372686750000008,
        "max": 65.157322175
    },