{
    "channel_histograms": {
        "CH0 HG_baseline": 3.9420864999999994,
        "CH0 HG_noise_rms_mv": 0.02753,
        "CH0 HG_gain": 34.256626000000054,
        "CH0 HG_eni": 1.6644619999999997,
        "CH0 HG_peaking_time": 0.0908685000000002,
        "CH0 HG_max_non_linearity": 0.0100105,
        "CH0 HG_fit_gain": 33.95668050000004,
        "CH1 HG_baseline": 4.0266234999999995,
        "CH1 HG_noise_rms_mv": 0.005233000000000004,
        "CH1 HG_gain": 34.048979500000044,
        "CH1 HG_eni": 0.28427599999999986,
        "CH1 HG_peaking_time": 0.08742000000000019,
        "CH1 HG_max_non_linearity": 0.011722,
        "CH1 HG_fit_gain": 34.090895,
        "CH2 HG_baseline": 4.237515500000001,
        "CH2 HG_noise_rms_mv": 0.007776499999999997,
        "CH2 HG_gain": 32.726309000000036,
        "CH2 HG_eni": 0.4522575,
        "CH2 HG_peaking_time": 0.09466350000000005,
        "CH2 HG_max_non_linearity": 0.012058,
        "CH2 HG_fit_gain": 33.01810149999992,
        "CH3 HG_baseline": 4.6834260000000025,
        "CH3 HG_noise_rms_mv": 0.028888499999999994,
        "CH3 HG_gain": 33.043829499999994,
        "CH3 HG_eni": 1.75474,
        "CH3 HG_peaking_time": 0.09614750000000001,
        "CH3 HG_max_non_linearity": 0.011327,
        "CH3 HG_fit_gain": 33.246704500000035,
        "CH0 LG_baseline": 3.7672090000000025,
        "CH0 LG_noise_rms_mv": 0.0016985,
        "CH0 LG_gain": 2.009617500000002,
        "CH0 LG_eni": 2.4944,
        "CH0 LG_peaking_time": 0.09091799999999992,
        "CH0 LG_max_non_linearity": 0.004364,
        "CH0 LG_fit_gain": 2.017479000000003,
        "CH1 LG_baseline": 3.5486874999999998,
        "CH1 LG_noise_rms_mv": 0.001149,
        "CH1 LG_gain": 1.460782999999998,
        "CH1 LG_eni": 1.718826,
        "CH1 LG_peaking_time": 0.08524199999999986,
        "CH1 LG_max_non_linearity": 0.0027230000000000006,
        "CH1 LG_fit_gain": 1.5053975000000037,
        "CH2 LG_baseline": 3.7373170000000018,
        "CH2 LG_noise_rms_mv": 0.0018994999999999997,
        "CH2 LG_gain": 1.6502004999999997,
        "CH2 LG_eni": 2.9493009999999997,
        "CH2 LG_peaking_time": 0.08744099999999974,
        "CH2 LG_max_non_linearity": 0.0029980000000000007,
        "CH2 LG_fit_gain": 1.6757329999999968,
        "CH3 LG_baseline": 4.136075,
        "CH3 LG_noise_rms_mv": 0.0018660000000000003,
        "CH3 LG_gain": 1.615924000000001,
        "CH3 LG_eni": 2.6282785000000004,
        "CH3 LG_peaking_time": 0.0905669999999997,
        "CH3 LG_max_non_linearity": 0.003950500000000001,
        "CH3 LG_fit_gain": 1.6241979999999956,
        "SUM x3_baseline": 6.935366999999997,
        "SUM x3_noise_rms_mv": 0.007124000000000003,
        "SUM x3_gain": 19.002725999999985,
        "SUM x3_eni": 1.0076144999999996,
        "SUM x3_peaking_time": 0.0889294999999997,
        "SUM x3_max_non_linearity": 0.019073,
        "SUM x3_fit_gain": 18.102075000000013,
        "SUM x1_baseline": 3.796347000000003,
        "SUM x1_noise_rms_mv": 0.0026095000000000007,
        "SUM x1_gain": 6.5298054999999975,
        "SUM x1_eni": 1.0165894999999998,
        "SUM x1_peaking_time": 0.06999499999999977,
        "SUM x1_max_non_linearity": 0.005646,
        "SUM x1_fit_gain": 6.566630499999997,
        "400_kHz_i2c_margin_list": 3.375,
        "1_MHz_i2c_margin_list": 3.375
    },
    "power_ldo_histograms": {
        "1V2_current": 1.9400000000000006,
        "1V2_voltage": 0.08999999999999772,
        "2V5_current": 0.5799999999999997,
        "2V5_voltage": 0.0849999999999909,
        "pwr_total_mw_power": 3.5900000000000034
    },
    "uniformity_histograms": {
        "hg_gain_uniformity": 0.08298900000000001,
        "hg_peaking_time_uniformity": 0.0573105,
        "lg_gain_uniformity": 0.1029925,
        "lg_peaking_time_uniformity": 0.0518895
    },
    "gain_ratio_histograms": {
        "gain_ratio_0": 0.025920499999999968,
        "gain_ratio_1": 0.017636000000000075,
        "gain_ratio_2": 0.027682999999999857,
        "gain_ratio_3": 0.019400000000000084
    }
}